Symbol,Score,Entry,Qty,RSI,ROC_20,Target,SL
KARURVYSYA,35.6592,292.55,3,61.8,14.9,336.43,269.15
NATIONALUM,29.4493,384.6,2,65.9,27.82,442.29,353.83
HINDZINC,20.6073,727.2,1,65.0,17.57,836.28,669.02
BANKINDIA,19.2162,163.17,6,62.9,16.62,187.65,150.12
UNIONBANK,19.1652,175.21,5,62.0,17.47,201.49,161.19
SAIL,19.083,155.56,6,61.0,16.01,178.89,143.12
HINDCOPPER,16.445,562.15,1,49.3,15.32,646.47,517.18
JSWSTEEL,16.0095,1222.0,0,61.1,11.84,1405.3,1124.24
APLAPOLLO,15.5065,2060.6,0,65.8,9.11,2369.69,1895.75
MAHABANK,15.485,65.02,15,56.7,14.26,74.77,59.82
MCX,14.897,2418.0,0,61.8,10.54,2780.7,2224.56
TATASTEEL,14.4311,192.28,5,58.1,11.6,221.12,176.9
HINDALCO,14.3883,961.85,1,55.9,11.2,1106.13,884.9
AXISBANK,14.2246,1315.8,0,55.0,6.8,1513.17,1210.54
INDIANB,13.1884,876.7,1,54.1,11.76,1008.21,806.56
ASHOKLEY,12.8907,193.0,5,60.1,10.34,221.95,177.56
SBIN,12.5408,1053.15,0,62.1,9.13,1211.12,968.9
SONACOMS,12.4174,487.8,2,55.1,2.18,560.97,448.78
OIL,12.4128,448.55,2,60.1,10.4,515.83,412.67
JINDALSTEL,11.3806,1080.7,0,50.2,9.11,1242.8,994.24
TECHM,11.2137,1745.1,0,69.4,8.23,2006.86,1605.49
FEDERALBNK,10.1443,284.95,3,69.7,8.39,327.69,262.15
IFCI,10.0801,56.22,17,57.4,9.29,64.65,51.72
INDUSINDBK,10.041,894.75,1,44.3,6.57,1028.96,823.17
MRPL,9.6834,156.35,6,56.4,8.42,179.8,143.84
JINDALSAW,8.5494,178.19,5,54.6,7.86,204.92,163.93
BALKRISIND,8.3986,2418.2,0,56.2,4.81,2780.93,2224.74
ONGC,8.3699,247.95,4,57.1,5.59,285.14,228.11
VENTIVE,8.2633,737.2,1,38.3,2.37,847.78,678.22
NTPC,8.2327,344.7,2,44.5,5.9,396.41,317.12
J&KBANK,8.1329,103.69,9,48.3,5.71,119.24,95.39
HINDUNILVR,8.0175,2400.9,0,46.0,4.69,2761.03,2208.83
BEL,7.6715,415.95,2,52.3,5.77,478.34,382.67
BANKBARODA,7.5783,302.0,3,47.1,5.01,347.3,277.84
TORNTPHARM,7.5162,3997.4,0,54.0,5.37,4597.01,3677.61
COALINDIA,7.465,422.9,2,47.2,5.55,486.33,389.07
BSE,7.4131,2761.2,0,54.1,5.06,3175.38,2540.3
SHRIRAMFIN,7.2559,1001.05,0,49.3,4.77,1151.21,920.97
SUPREMEIND,7.1254,3444.3,0,31.7,5.14,3960.95,3168.76
COLPAL,6.4398,2153.9,0,59.0,4.05,2476.98,1981.59
JBCHEPHARM,6.366,1877.5,0,49.9,4.35,2159.12,1727.3
DABUR,6.338,513.4,1,44.1,4.93,590.41,472.33
BAJAJ-AUTO,6.2058,9492.0,0,43.1,4.46,10915.8,8732.64
OFSS,6.0463,8006.0,0,61.0,4.1,9206.9,7365.52
ALKEM,5.8311,5754.0,0,64.9,3.96,6617.1,5293.68
TATACONSUM,5.7543,1187.4,0,44.1,-0.65,1365.51,1092.41
INFY,5.6482,1682.7,0,65.4,2.31,1935.1,1548.08
EMCURE,5.6227,1484.6,0,49.2,3.96,1707.29,1365.83
MUTHOOTFIN,5.4611,3867.4,0,42.6,3.5,4447.51,3558.01
GRASIM,5.3646,2856.2,0,49.1,0.49,3284.63,2627.7
LUPIN,5.3502,2150.5,0,50.2,3.29,2473.07,1978.46
JSL,5.2672,810.05,1,40.8,1.88,931.56,745.25
GRAPHITE,5.039,627.95,1,38.4,4.35,722.14,577.71
INDIACEM,5.0055,453.95,2,49.2,1.32,522.04,417.63
ASAHIINDIA,4.9978,991.9,1,53.3,2.9,1140.69,912.55
PFC,4.7484,361.65,2,40.1,2.87,415.9,332.72
BANDHANBNK,4.7096,149.02,6,52.7,2.03,171.37,137.1
CRAFTSMAN,4.5787,7570.5,0,41.0,2.59,8706.07,6964.86
SBILIFE,4.5684,2038.2,0,38.3,1.41,2343.93,1875.14
CANBK,4.3746,154.72,6,51.5,2.52,177.93,142.34
CREDITACC,4.2218,1320.6,0,49.3,3.06,1518.69,1214.95
TITAN,4.0623,3997.0,0,39.1,0.33,4596.55,3677.24
NESTLEIND,4.0582,1303.3,0,44.0,1.82,1498.8,1199.04
RECLTD,4.0295,363.95,2,36.8,2.25,418.54,334.83
NIVABUPA,3.8269,76.88,13,60.3,2.56,88.41,70.73
JKTYRE,3.6846,510.5,1,49.9,2.15,587.07,469.66
PNB,3.4983,122.95,8,45.8,2.0,141.39,113.11
SAGILITY,3.4235,52.18,19,52.2,-0.08,60.01,48.01
GESHIP,3.2401,1117.6,0,57.4,1.36,1285.24,1028.19
TATAELXSI,2.7407,5415.0,0,52.2,1.87,6227.25,4981.8
MARICO,2.2834,745.8,1,28.6,-0.97,857.67,686.14
TCS,1.9753,3158.0,0,46.1,-1.11,3631.7,2905.36
RAMCOCEM,1.841,1071.3,0,47.4,0.76,1232.0,985.6
INDUSTOWER,1.7481,422.55,2,42.9,0.07,485.93,388.75
AJANTPHARM,1.7392,2698.3,0,15.6,0.62,3103.05,2482.44
IPCALAB,1.5347,1454.9,0,56.7,1.05,1673.14,1338.51
GLENMARK,1.2459,1999.7,0,39.8,-0.5,2299.65,1839.72
IDFCFIRSTB,1.2201,83.5,11,45.1,-1.23,96.02,76.82
SUNDARMFIN,0.6991,5192.0,0,42.8,-1.28,5970.8,4776.64
DALBHARAT,0.6628,2107.1,0,49.1,-2.42,2423.17,1938.53
