f1,f2,f3,f4,f5,f6,f7,f8,f9,f10,f11,f12,f13,f14,f15,f16,f17,f18,f19,f20,f21,f22,f23,actual_return
0.005400957509787112,-1.5039263231210869,1.0664293004226644,0.03256672565700539,-0.1282406816092435,2.841560334268575,0.012500951082566223,0.008231063230337081,0.01265352384213823,0.011986889155444477,0.011063527560242996,0.009987985102827517,0.009265041140825481,0.010314690506491538,0.009560099627710204,0.009202464173256247,0.014318771158441317,0.008712373791115407,0.012454306951101335,0.008465543110110491,0.008707522851460286,0.012360362318911612,0.01152476112386399,0.06333537873453365
-0.024480423057290604,-1.5123019351933675,0.16317966922111404,-0.009023610279633956,-0.014621532829775548,2.2012406310189805,-0.01921143402089862,-0.018639707421945997,-0.014698485592969806,-0.01107466010214443,-0.014540253420046313,-0.01392317215399684,-0.01859539985127584,-0.017406251115508888,-0.01741147183627433,-0.011344006508120402,-0.014490785282968682,-0.01645199474271862,-0.01121262787154857,-0.011546541695337073,-0.01820975395518225,-0.018184800206817057,-0.011729480146929415,0.005323744746777104
-0.07050425671354303,-0.0,0.0,-0.0154317114766827,-0.22126030861964424,2.6034284214140024,-0.04355044884146368,-0.03288040741747901,-0.0377593407998464,-0.03350332110420232,-0.04194345155856446,-0.029091674017331082,-0.04680155885950531,-0.035361061802355036,-0.03256495424911419,-0.04582790044995189,-0.03502279247098518,-0.043276304755864595,-0.03901575887759187,-0.03929884589871256,-0.03859833558839421,-0.047446890026853684,-0.042397954494421033,0.06745095346488195
0.12777023832759984,-0.5125091120797272,0.8656510841830922,0.03704619791112299,0.09274144742471914,3.312741737832868,0.03643854182008593,0.049454407734292403,0.032766319330257844,0.033755321600485534,0.03886902840623819,0.031695791507973664,0.04220050773906645,0.04809148385167028,0.03566850834242782,0.04168920904919241,0.03914983144316445,0.03419141417298234,0.04617521093946075,0.04028374671507575,0.05064533004551892,0.04211766670280613,0.037393734458765406,0.08938993953610885
-0.0935287993914762,0.18478544370834993,-0.29716469963358305,-0.02119737654147613,-0.25767890815581823,1.9734813064611687,-0.05564076165424447,-0.05116996098709681,-0.04674703819523475,-0.06274785005909553,-0.04225052101473708,-0.04111418887570711,-0.05057274306727259,-0.053224305408980876,-0.03757774500545919,-0.04731109589209208,-0.05067354907305655,-0.058859842646341226,-0.06464424733642117,-0.04596581104637316,-0.05002214567166102,-0.03840296232018191,-0.04574757686222381,-0.07333522978581752
0.06551875320217601,-0.7628710202554597,0.6297345924462826,0.032280015732988554,0.010402527996239972,2.301311268895948,0.021529986093977337,0.038290692504548494,0.02299274534348152,0.02526552728986204,0.038957013776058196,0.021617149629428005,0.03174706794593781,0.02233857592568563,0.03818870964273878,0.02387427229943981,0.027855273594596146,0.023582729609703604,0.021715681793667615,0.03538549157631994,0.02915932903107167,0.030215326084417366,0.02688493172338822,-0.00479346059905883
-0.08418870705678666,-0.8383070325968138,-0.5709664274256854,-0.020813838553625896,-0.09768668643333765,1.6213364412790194,-0.046928768461738955,-0.0574985022098233,-0.05327384899997949,-0.054290214021550785,-0.0422071773155341,-0.03872198071379819,-0.050102060340846966,-0.03722957377159146,-0.05458857044746366,-0.03433658098191577,-0.03686959117324165,-0.05703581338156572,-0.05720785008798105,-0.060096240778644124,-0.03561705290124543,-0.0385872323606954,-0.0611758377664223,0.06636723608501915
0.3486007033601722,-0.8876986263794746,2.10673487637739,0.13900934606288176,0.026138832945002237,2.389292890043075,0.09212616797843025,0.1323313917385936,0.11745275537345633,0.08249400163172955,0.1287195656075405,0.1288556705065169,0.07785145051438526,0.1326539272000834,0.07748359452381338,0.08974314257012239,0.08075090701401885,0.09097459743897347,0.081818500159924,0.11299837617449418,0.09678277015421431,0.1397099393247455,0.07580640919108633,0.13122147411222174
-0.04800583969584634,-0.8371539762451478,-0.5814057940068904,-0.011725702543022137,-0.06183046997563468,3.122295986207366,-0.020410671515570033,-0.019754708864242434,-0.019182986449634263,-0.017199999121129784,-0.02056132335969078,-0.014243688095338589,-0.015223054106919513,-0.018439616584950566,-0.014785099097933612,-0.02193139805776638,-0.02130032737237463,-0.018681238006206597,-0.01338906177912037,-0.02008764504185395,-0.018312282946431703,-0.01635527185430042,-0.015047144772619455,0.11067407703872756
-0.037083433023842725,-1.0459048905381179,0.6084040922286945,-0.02302850042697279,-0.03745361459764087,3.925092739602429,-0.02653648841872121,-0.025087810521380073,-0.018918625103062713,-0.023489194600662684,-0.025779388060596174,-0.0251341642856417,-0.021511947796141052,-0.026449088743876806,-0.025445572429300244,-0.021845067739474488,-0.017640093638579504,-0.01919488767345126,-0.02390226877181267,-0.02428123055000891,-0.01861031217558467,-0.023517926537939684,-0.019557053547146912,0.012048257198125079
-0.06045615424850992,-0.4629998013014945,-0.5047222647469394,-0.008723054274256896,-0.16492891379318214,1.3752306281899664,-0.02682018315985466,-0.04252890004722761,-0.04047210757483616,-0.03881882834997206,-0.027693196829256063,-0.03668308934651195,-0.0386797082088276,-0.04219523657221078,-0.025034105091891412,-0.03626202150423174,-0.03338390148291063,-0.029204389498925835,-0.035346356607299644,-0.032284942237605134,-0.04316974902214288,-0.040253692444725056,-0.042448280864068225,0.0965637057563109
-0.07965973181861087,-0.7446845267795977,-0.19584803252531427,-0.03253486762824079,-0.10325527724397252,2.251468409106146,-0.03719896793300321,-0.04822776065495248,-0.041582612402951004,-0.0555091240191145,-0.06073189763023177,-0.05082159175548233,-0.04237943870407316,-0.054341562329709124,-0.046298121968599844,-0.041226881130083784,-0.04167907171991096,-0.04811543204907889,-0.035257386340960435,-0.05631513135035805,-0.03444496286492957,-0.053715769698601805,-0.034710760811318186,0.06435846434511694
-0.007279302242492627,-3.8129717829513,0.5506533539788316,-0.01228616134223673,0.06434439473820741,2.470919461202225,-0.005579720665648144,-0.006528657801954917,-0.005726983200368007,-0.004828150528620183,-0.0038857739399858326,-0.004678913167047638,-0.0048339701776368175,-0.004976993982734396,-0.0065502477017293816,-0.006156952588876342,-0.004944359015297677,-0.0046600832979402365,-0.004075931908149113,-0.004579502238588737,-0.004082781177071978,-0.004058105239832625,-0.004374078865727253,-0.012378536810746077
-0.1478477310849465,-0.3742039859739152,0.26393077650834096,-0.03656177751327666,-0.18017671473371857,3.2162739968716427,-0.0450656878039721,-0.03745537573745106,-0.05404465288337072,-0.06317602448264659,-0.056617137038357836,-0.048270350471095146,-0.03761021676188345,-0.05882334262971572,-0.04220120285090805,-0.03855070758799465,-0.042157482172073456,-0.0532914773694588,-0.05578419074484705,-0.05118670717243683,-0.06339542704552162,-0.05474003803277438,-0.043656711657042255,0.042222117995033503
-0.07711092486374961,0.47064745985589096,0.47215050213712306,-0.017734694252034326,-0.126912946990209,3.4943709244257275,-0.022334510267438202,-0.026350055236071823,-0.026813349275496366,-0.031135181369620013,-0.029120958029652727,-0.031744558275676384,-0.019059457166438663,-0.027324943334611405,-0.018823044184538965,-0.03202995138070863,-0.028148260750788794,-0.03176827145094394,-0.03458973885069859,-0.033986000243440374,-0.03148843239980405,-0.030929724272435316,-0.025058003134468865,0.09071273670943358
-0.09980963338756159,-0.8095124857884985,-0.25136860388016213,-0.0329135670798246,-0.08603505931321363,2.2742247202405816,-0.04234670119176806,-0.04975554466094016,-0.043641016115652326,-0.05637895794540436,-0.042870626901463184,-0.0522461012952978,-0.053590395784555024,-0.05610081995280596,-0.05301368950431607,-0.03431297338369998,-0.05562246204379002,-0.052511015876620326,-0.04871254396757444,-0.035974012446013,-0.05270130560749194,-0.05927287652965191,-0.04331176398464055,0.0701872103785417
0.01851382589252596,-0.5484937692420083,0.4079592686616107,0.0069931895978474126,0.006082421933342064,2.875839795241181,0.01032792651504075,0.006800003047172962,0.010985155813098458,0.008090141670881117,0.011153531962750712,0.011089120394742488,0.011353001269451064,0.008790773739933484,0.010040111618007566,0.008653852839306675,0.008889598116996925,0.010888018707061825,0.011731623436170133,0.011766547693421725,0.008167110973249793,0.008180064755850864,0.011664619055252307,0.013134091850496965
-0.10260726203705518,0.2834350974299169,0.0901066091728353,-0.011400268687150161,-0.11530166504546246,3.433232797741406,-0.023092886923420413,-0.019665854274296166,-0.024880316120414067,-0.02517625396930517,-0.025401852629482607,-0.01671843931980845,-0.019667089404329405,-0.023810388204942454,-0.01911588569767012,-0.01889964773476913,-0.021806852678479934,-0.01822186851523677,-0.016234407130971632,-0.020879708594978626,-0.023142799578318527,-0.0222516934835023,-0.023607607176969272,0.028586742821994138
-0.07308046197656627,-1.024124869359048,0.08365135474314195,-0.01089432089971192,-0.039277052014612554,1.4612710921238583,-0.03238566980144326,-0.01907232619668438,-0.018026014515620886,-0.020882881799987808,-0.030041497355093885,-0.032660918222557886,-0.019851917038633687,-0.02873719233172952,-0.03070252666022154,-0.030640673865161814,-0.025573891614360564,-0.018320056889018534,-0.019941790386367505,-0.02229991462190453,-0.019140032097295714,-0.0211069475049709,-0.01979299154918077,0.09524139855430547
-0.04951827665930762,0.22617940280614476,-0.03927418388358417,-0.016335367247204694,-0.1576475815739917,4.011178279499506,-0.018750977784634068,-0.02777896494175291,-0.03059838547849334,-0.023036104689442723,-0.020733220308891916,-0.030538675737000923,-0.018773291475171365,-0.021766466051249933,-0.020694446404110365,-0.026099654026045593,-0.029761883659291683,-0.01926895378362048,-0.03133612190572218,-0.031476104560706625,-0.03205461014423574,-0.029551187133081473,-0.019348260187211593,0.04396668630006362
0.027610836481010377,0.4793844570979163,-0.08690093662539478,0.006387402240932688,0.08303462658227025,3.455466775842554,0.01570653467051499,0.009940848409512464,0.015622734878725827,0.010125068084851153,0.015278609226641385,0.016883853773375652,0.01291085241462034,0.011103277595212917,0.01545497664538226,0.01535901550518927,0.012179513319513603,0.01704634246003299,0.015273516934548956,0.011583814441634439,0.013019644682973406,0.009649453463429844,0.014249458205493084,0.1592857063590707
-0.07957883243817183,0.6227378484630809,0.040036775980136774,-0.026076180765225068,-0.28475339268290584,2.823429008820871,-0.043379563269356436,-0.05192175335680058,-0.05150984616009829,-0.04691453354965648,-0.055911353198318,-0.049572141534704045,-0.06632947281696151,-0.043053117421051806,-0.05368670267289056,-0.046519396608722806,-0.057399757145664476,-0.05495292881249438,-0.040516908723153486,-0.0445782369442277,-0.05952964624794409,-0.06540827887812714,-0.04018163802975246,0.09481014269790822
0.10758433700389591,-0.3110970505883959,3.264369525523563,0.06359496289526095,0.08847371009300985,2.1817746209219857,0.05798245164763043,0.04402893138032484,0.04660887624986889,0.06118313026155241,0.07276570904861138,0.05628806523775374,0.06358676352935583,0.05752152154074576,0.04437519159295456,0.07043109575949398,0.05188548090081281,0.07721456548882331,0.05542628910153113,0.05391344366939548,0.07728938874646682,0.07949147730969638,0.07467644913067577,0.013916011248078508
-0.05548582238121289,-0.9978616181753284,-0.6139597784436424,-0.009092375121678568,-0.05417641956704781,1.0086561190774608,-0.02945291983772005,-0.02633962264319771,-0.03677309095568869,-0.027335518413620596,-0.028731522633796615,-0.03293479420289447,-0.02454436334504561,-0.030549554620421127,-0.026198440166029555,-0.04307522957170745,-0.025111214516652304,-0.03686912743204863,-0.031239676845786518,-0.04065249939443701,-0.035069889397707235,-0.02481217480710263,-0.035465293830172974,0.04467759162842966
-0.08482648271173641,2.501050589493072,0.25194751438672053,-0.014237537921873883,-0.2295033657115822,3.7336913464520065,-0.038277715349487505,-0.03505804348449626,-0.021319436200473108,-0.02659612295249108,-0.028542231234861753,-0.030826713447212405,-0.03170297281766467,-0.03471052091930316,-0.032271792450341445,-0.03000033326548176,-0.028909783721834195,-0.02386631119537881,-0.025349925017601617,-0.032674663290104065,-0.027378110750429382,-0.0332148587786133,-0.0359855524833871,0.11382383162107779
-0.13141453283035986,-0.8559407724378253,0.3050042149306531,-0.041061376544471465,-0.07660666183866068,1.9405519696806537,-0.05343657588986812,-0.04440137518751846,-0.07847970338123118,-0.052228590108025476,-0.07263738538863873,-0.07735817034200125,-0.06166630728065981,-0.07193697108082586,-0.06937749214464933,-0.07252415335237783,-0.051906123875923874,-0.0656939701906969,-0.04604035317444123,-0.06615127548453932,-0.07249736562190039,-0.0681879618772229,-0.06456209857921927,-0.0002939768017573563
-0.015356890814722813,-1.5900481702764582,0.0008737918859845423,0.007388688461658224,-0.1301473314225354,3.3099588158792903,-0.0014112244458586098,-0.0018192657727983139,-0.0016338309224006723,-0.0022132823651515895,-0.0015279070143836035,-0.0018907894869481397,-0.0021773814969675578,-0.0020389275504031712,-0.0019425692697938775,-0.0018035633090335151,-0.0018906077524369974,-0.0013560795914211237,-0.00155314125075951,-0.002284500283103531,-0.0012888442068857107,-0.0013755324727864947,-0.0012468574240235622,0.054731132043028596
0.00969781217232634,-0.8968214418900639,2.286375944976189,0.0160463504103775,-0.015071433476509822,2.777574843247053,0.007737201301613078,0.008941794772314911,0.007165957476410598,0.005413491416139958,0.008433952673145801,0.007307829747547627,0.007598842346187206,0.006857850567822919,0.00845704954216943,0.006512571902907846,0.007289775911175048,0.007653819184797803,0.005746523757494125,0.006573231083140234,0.005832365512195063,0.0081869570028206,0.008570683287973868,0.06105572872973086
-0.02469401425297636,-1.505148653352742,-0.37525283206940596,-0.013868826578698687,-0.0009122043383105918,2.3840059081212637,-0.016441824205708763,-0.014090968406082701,-0.012444488253403666,-0.0209687211928842,-0.018108011126208332,-0.023002471918991706,-0.013233057961731989,-0.017546264157345115,-0.017750081690207725,-0.015374875212277522,-0.02230526637659131,-0.02048347842057172,-0.018676850581758827,-0.02145264866684285,-0.016742022714252815,-0.021240702018756743,-0.01691830479790566,0.048085651879347546
-0.051337973871538954,-0.8327374251399863,-0.28427762480300656,-0.010676825566423865,-0.07684714327938344,1.2831039028599345,-0.026078855039636237,-0.02473968833646628,-0.02763090996234692,-0.03923602825723735,-0.02896094806951725,-0.03877696767013285,-0.02413125324069987,-0.029360345147216062,-0.03132037365219535,-0.03591540335198338,-0.023781252801136014,-0.030260906819058804,-0.030387500645347617,-0.021576127358984405,-0.029239371534719946,-0.03203247867077244,-0.03795252062656986,0.06372134420329179
-0.05417632660454026,-1.0678719992197268,0.5254454415755316,-0.033020643158849027,-0.017988465253136077,1.9286628013526264,-0.025167543753221683,-0.037753861512264,-0.03328370486578976,-0.03751499912614409,-0.03454124185170282,-0.03063564219482492,-0.03226834630244878,-0.030238847476922154,-0.04390274477052085,-0.031013012320013935,-0.04475288265334937,-0.03632202156299269,-0.025370593969585818,-0.045689911903719134,-0.03480879254302006,-0.03812192353666289,-0.04096668078885115,-0.009601134834765879
-0.059734308002604625,-0.47257351812110576,-0.31679436314218323,-0.01452338805614869,-0.11285635114524703,1.8221332810337234,-0.026488700564575585,-0.03613581171432369,-0.025304132960318023,-0.03159648676018095,-0.02794106553885959,-0.02790296925297115,-0.0396309788521789,-0.033895710314951165,-0.02742003501359275,-0.038025598748387984,-0.038515908367011895,-0.03261954515674139,-0.042984014148713084,-0.03914491688025103,-0.03288690460977405,-0.030097534330187876,-0.034506451345095036,-0.028382610957898513
-0.046098351492330186,-1.3981333322365281,0.4308344184708693,-0.023654223737311925,0.012023717657254632,3.1548163971282595,-0.017190149975848796,-0.021202702512247058,-0.024681569268565573,-0.02832997277797666,-0.017500620082615718,-0.02809163869097793,-0.01691500366531505,-0.018890072984203816,-0.01809013534205275,-0.022959428596090164,-0.022951025524759437,-0.02231412319008036,-0.02992492066954453,-0.024008338288948463,-0.019039203281422872,-0.028367881815048315,-0.020240736780691874,0.0039189221874085245
0.06959620938531688,-0.41740129906833806,1.7256544795482485,0.01718654236923755,0.06557962028596474,1.2782626846507712,0.028982791160216542,0.030353607223915127,0.032765285653827636,0.046800470955667035,0.034838752877127385,0.03467798166776033,0.032217268209920345,0.029603991262939677,0.03222952349453547,0.040041911130963996,0.03268458689136876,0.0475694538937409,0.04762776500716589,0.028004983780254525,0.031100964636234393,0.03312530094922736,0.03496353134782842,-0.037995110749106
-0.06204206087290857,-0.7669296524488116,-0.2911778887492733,-0.018429960958501294,-0.08941093643281099,2.9166537828110313,-0.03145341945614823,-0.021626038973613232,-0.02809155704023095,-0.029247291255077724,-0.029275739984722573,-0.03620356512701962,-0.027473714922170243,-0.034617413115206205,-0.029195380487027522,-0.029436542992200745,-0.02210248163749943,-0.024321017157588058,-0.03045135428331498,-0.029381516047920744,-0.033811236914456866,-0.02263490572838403,-0.03148843211783319,0.0527739183900191
0.522264975566226,0.2268441336839467,3.6563232460010093,0.19401936404535386,0.6019313181169829,1.802921862519488,0.29684936564977205,0.29909821436879924,0.18838901468823196,0.21307303334014718,0.26826505633974607,0.26839948840364136,0.17803031828054028,0.22381351163068305,0.26118632321140695,0.2718184752912849,0.21273645150733106,0.19065793415114063,0.23797629111847188,0.2789804828999184,0.17165043109226907,0.28146315123520604,0.25446025042687886,-0.06250220704797615
-0.026258480957503036,-2.079639269946783,0.6071649013024571,-0.016281795524891677,0.0428181377325608,2.9672000068874778,-0.013579565358167732,-0.01139166039755388,-0.010236152563498344,-0.016628283886070263,-0.016653099294339575,-0.016486076014650495,-0.016446031804370563,-0.016739512390357217,-0.015444938949245415,-0.016347749600058328,-0.014261719058688824,-0.01210971442207725,-0.013376919136136233,-0.012630506630578313,-0.009492201494322743,-0.012429181654147331,-0.012657711918641758,0.02667436326533501
-0.03170991680235032,-0.7502715760746913,0.09660125713190289,-0.01815996049724068,-0.0845377478341523,4.960849668374058,-0.025161983874835214,-0.016339373402003535,-0.02378603148080031,-0.02204544706403102,-0.02414449457770435,-0.021396303323524338,-0.01668448431833749,-0.021287559924954118,-0.014616389507058023,-0.016792291522761762,-0.016304990165231063,-0.017672173588186305,-0.02228657943297407,-0.026112292176959807,-0.022084961323361744,-0.017295792885732,-0.015819186999541622,0.015552405402238456
0.07711359687321093,-0.6466102890888233,0.8588761138973955,0.04696490205259143,0.06920194616566001,3.811837667381026,0.05382131872305324,0.04475321994201622,0.03488461598181546,0.04517793913928554,0.03260513533830835,0.03917775749010396,0.0452145644338255,0.038178402379697954,0.04437908024424253,0.03566661067947151,0.037225281538940315,0.03680478881818075,0.04719124294121878,0.03143196234591335,0.0459071795722819,0.03063943062490706,0.05391390276669444,0.12166283849409121
-0.03488275035280214,-1.158576355281064,-0.3975023423184987,-0.008720216606537939,-0.0502677136258405,2.3515809097917484,-0.014063982696237176,-0.01971573085678535,-0.013109032625667209,-0.02256200032008322,-0.020774721295105783,-0.016316071317848086,-0.017033445134404895,-0.020414536149729757,-0.01654453100590414,-0.013886706942643448,-0.019925986881211666,-0.02404343973745503,-0.017237708546356065,-0.017864138665830507,-0.018927917726314875,-0.013488163980505981,-0.01660609767764796,0.029908926453007023
-0.014103819583195069,-0.691078424816277,-0.5357587720881374,-0.002220280190137444,-0.03557697055723627,2.673359685068746,-0.005337298606842077,-0.006949240655257377,-0.007269628409399528,-0.0058159672021237925,-0.004258215079853009,-0.0069904677484907175,-0.004622446445090167,-0.007195936889359889,-0.007173422163473613,-0.004205279991638022,-0.0053295027481489446,-0.006549355664214423,-0.006270593179458827,-0.005615359431559128,-0.006255319143641826,-0.005351929266957434,-0.005086988368140866,0.046736702013470355
-0.020492880932674856,-1.8928334557131679,1.4896326345001663,0.012527519725459532,-0.09470862677831947,2.909214082118047,-0.002791700983447887,-0.0036869639613807477,-0.003240415482332117,-0.004359540663763232,-0.003847192308792399,-0.003969576663862575,-0.002811768081219761,-0.0037845681845939806,-0.00476431164884815,-0.004723756857400502,-0.003476109971070306,-0.0030946336654096547,-0.0028454484623575745,-0.0035065522396006666,-0.002931478039441579,-0.0035054186413279046,-0.002697764358293514,0.09260154340758531
-0.0289823467509146,-1.041973739490853,1.1271905172007557,-0.01218191585717979,-0.02466704157124419,1.5029421640734473,-0.02351753707564181,-0.020492120190432,-0.018593797035148556,-0.01917360136777543,-0.020845100623193585,-0.01623016999598605,-0.0226666394898307,-0.018418219968599943,-0.02283242792890116,-0.016933404274318747,-0.015524403951895489,-0.02063460751484319,-0.02069251889024712,-0.016651905619842748,-0.01849885090031678,-0.020344035436197505,-0.02317138856402137,-0.013888878233018764
-0.08233319113528793,0.16271358372685835,-0.712171147010255,-0.03283900076156668,-0.2143759394653148,3.2350025789990715,-0.045633176600097275,-0.037697225028149456,-0.04273684586389921,-0.038854042927804734,-0.04230569054886481,-0.06394793679674789,-0.057428022802657616,-0.03688753979989791,-0.03494895011837148,-0.06153296260585433,-0.064247020297273,-0.04356683651674533,-0.03979951797944883,-0.03921358958889175,-0.06217274303116439,-0.04915196187714118,-0.045354713607164046,0.22936100033551488
-0.017847962874739342,-2.0794949733414945,-0.5401106021938629,-0.021580531578057324,0.15882058163601712,1.89912446867704,-0.01857276695910696,-0.020082323848327976,-0.022187181072006804,-0.013728997470937717,-0.014117880231840263,-0.015272208484248416,-0.015432899630158496,-0.017182940740183218,-0.01682570540135852,-0.021758162453239263,-0.02022108293519218,-0.01592594301987441,-0.020277726600533782,-0.017396057669607574,-0.01990707938973516,-0.021535408533028332,-0.015137628479611094,0.054824470184016816
0.020439460981515865,-9.935051520470985,0.7593677253809253,-0.004480933692915708,0.12163913565044795,0.9724355863741888,0.0076808234816353365,0.00676351557534389,0.004838272795755954,0.007123363250362201,0.00755173236663928,0.005566877362989406,0.006502177896455692,0.006811915431426968,0.006444768576307174,0.0057734919485819165,0.006912335907060181,0.0044914514966171775,0.006432807060448726,0.0057916296091000425,0.007319044412688333,0.007229780964444908,0.004862667068380201,0.01550854384640532
-0.014824650806086826,-5.846882034948571,0.15829509311238388,-0.005464767162952071,-0.015964759684650384,2.7088618835245595,-0.009978301722337938,-0.007418030721717346,-0.009089128810020164,-0.009035924186321586,-0.0077005484758296775,-0.008621360371935987,-0.009421812387320849,-0.00620260478578876,-0.008369177910428825,-0.006061996109372297,-0.006052707579645665,-0.00792098562247392,-0.007758757846165832,-0.008332037040895702,-0.006333852734675465,-0.008655621023322282,-0.010247857790518962,0.09747175292302002
-0.031070485089596166,-0.323500687672384,-0.031329682046672414,-0.012897272806267117,-0.10298497121090641,4.606407610716821,-0.020744646334684765,-0.019841277075865284,-0.02256098348115858,-0.01879943237146394,-0.02025445073612806,-0.014166060585745101,-0.01900296000944111,-0.020962722914390938,-0.013811234826655373,-0.01723436335412066,-0.014010645432821255,-0.013756478133327497,-0.017519572062004007,-0.014570256791382494,-0.0169597084806102,-0.013853170638575944,-0.02216169549754483,0.06575389122000552
-0.044721341488831584,-0.5748080750393763,-0.26771827422170213,-0.016032429453768992,-0.13447603825775864,2.923451099012632,-0.03716623957067089,-0.03081866892244271,-0.024391419049779525,-0.03841623383439026,-0.024361602042259782,-0.023341757539629533,-0.02423569682476917,-0.030116422693497354,-0.03719022553729785,-0.02360866829662133,-0.03921396814754539,-0.034578833942887535,-0.037327313038442105,-0.03911384116191025,-0.0345178860533234,-0.03502827836025161,-0.022631359118098653,0.006596363266525573
-0.037670237022008043,-0.5009804197271465,-0.1567477017995664,-0.011253958327445234,-0.1127630950168709,3.3798059458727385,-0.023257359143028997,-0.02035002101967309,-0.019081147718114592,-0.01715635814846975,-0.020015625384078996,-0.024760100350715405,-0.022670897763317897,-0.01849037770772981,-0.020169195242992346,-0.023665229800751524,-0.020204750169443977,-0.021783035451780237,-0.020982923954254367,-0.027077840127361637,-0.02140315010278923,-0.025096715716021713,-0.018748809788684585,0.08594477888694141
-0.06158255356253864,-0.11254627074011953,0.271242441578985,-0.014358411321864575,-0.11298577246188271,2.2419434566188565,-0.026569191738144985,-0.03650657842510007,-0.021583756300985447,-0.029205981568703583,-0.022486606419162735,-0.031094917523795975,-0.032290927675099945,-0.02257871761386812,-0.03554673021268005,-0.026849216961266412,-0.025876512564505696,-0.028423863846453082,-0.030277388158113226,-0.024452755301511628,-0.035777321148942734,-0.028695095547712532,-0.031819250521681754,0.07505908497224789
-0.08644433077721868,-0.8165906003158058,-0.28233950326407253,-0.0224689304972419,-0.06650767372960709,1.4742315209788726,-0.047613279382210535,-0.03417470098705159,-0.041608171375028404,-0.04050642495830027,-0.04488366319746935,-0.03435898758735485,-0.04670439374445406,-0.030546367876518515,-0.05215779398186712,-0.04255273108415143,-0.039558474319739655,-0.05007078207563091,-0.05088015385906002,-0.03187369630023017,-0.04104816790663948,-0.04014160901532119,-0.05026576144896117,0.08242915648906424
-0.05393656890709599,-0.48057514148399444,0.1223912251699466,-0.02005640452636242,-0.12552439377674268,3.9446364527570092,-0.035940344856330714,-0.023001919126155256,-0.022647073069405683,-0.02243481655107874,-0.026189375046855857,-0.036456213674041955,-0.026769873905304963,-0.029534698215255305,-0.02634849319959694,-0.02261585973370581,-0.025788785490454626,-0.02223702137835982,-0.026113365325397486,-0.024754051974596743,-0.024530175277072793,-0.03209097056503941,-0.03365438677471967,0.07491700492737863
0.11447933999341432,0.1288701967572953,0.4854562154993839,0.03010122818138387,0.2546011758446141,2.726641758916173,0.045313401970125365,0.04064541021141907,0.07066699251203594,0.052083582709420546,0.041576430302256016,0.047843052142134315,0.06907656910491808,0.04708321041558229,0.04160427884787275,0.056468725597215046,0.07022493533370225,0.06855968797011791,0.05197656014574067,0.04778411024582034,0.042191951384660344,0.0484575240987811,0.044903450910046515,0.052572490835040675
-0.7462478439463619,-0.702689131291216,-1.2656112140691467,-0.09423496762418537,-0.20728039096189455,0.9745828424516704,-0.18408499364987704,-0.14290606878335402,-0.2143176604608758,-0.1643165179957634,-0.20820846132964582,-0.13296053749259534,-0.22361573765569176,-0.18395813724700133,-0.23882193587212977,-0.17986093504588999,-0.14651594794338796,-0.2103450482960116,-0.20444412950172508,-0.16224711841907202,-0.14624938464959025,-0.22787705504085456,-0.1956183722213786,0.19833687327438443
-0.05057611062071129,-0.5635302339296473,0.6260540465580089,-0.01966226872625992,-0.09460582316976447,2.7971467670985883,-0.021997782434455077,-0.03765595237466943,-0.03374665531655412,-0.03569105109119766,-0.032540532960266086,-0.034268165236750976,-0.02087916659434193,-0.03043101224077199,-0.03512882449894947,-0.03756300991558173,-0.02396679138280135,-0.037389628679534805,-0.028490283922498267,-0.023087073809397105,-0.020854224799297508,-0.028952249087711608,-0.02824933504807873,0.022396877118650016
-0.031356121791669134,-1.6125424236722639,0.366653776203553,-0.023497560925566305,0.054514548018138494,3.084842876324846,-0.021326548805057376,-0.02222412877490482,-0.025405375703127918,-0.016278409047687417,-0.01874169019510273,-0.02002816123739967,-0.023668209464695483,-0.018718356830599095,-0.016181255963597835,-0.02059528680713801,-0.025771816582333892,-0.021237376671709315,-0.025965189901652478,-0.02068022914109294,-0.017628976937517967,-0.021353572335882632,-0.020573157702672613,0.06256564995651415
-0.03422413872148994,-0.4344647874895566,-0.0061542217548071765,-0.005874835767454728,-0.0736928491920223,2.9526609637305943,-0.015192982406322934,-0.015369855503852432,-0.010544636399482528,-0.012753059726956662,-0.009814970052705294,-0.01145563836521561,-0.014167094130401328,-0.014303840526679422,-0.010413045350055893,-0.008731655027377534,-0.013837045051829073,-0.011280761578703113,-0.01121985033616049,-0.01168379036773434,-0.01091535628187897,-0.009218689684615174,-0.015360743355444764,0.046305446767776814
0.009513875422847606,15.777760807306123,-0.10115065350168928,-0.004298440784797518,0.08881877157013456,2.667933920250523,0.001697763292383225,0.002211782712563447,0.002009201403553227,0.0016970947070526932,0.0023413900377232174,0.0020862630470361216,0.002184617874152224,0.0023473611226210466,0.0014594928431006582,0.0017249714550230334,0.0013841478337038539,0.0017311710358368123,0.0014221235428912317,0.0022824652252702382,0.002409801713612532,0.001649051873838584,0.0024360482159558965,-0.03353749164167441
0.001503487007292132,-1.2671148784334327,0.20030744103279652,0.012498886065971538,-0.09979158370641518,3.877724545799827,0.004884396089193111,0.003596789949723984,0.003632687643821347,0.004136812641902807,0.005012841071941282,0.0040301177911506786,0.005532824279413069,0.005495038540931474,0.005137488523182027,0.003620207344115819,0.004871176955742755,0.004917023976844212,0.004330965665505636,0.003385863752339382,0.005028742724803859,0.005567278457454388,0.0049812713846216945,-0.04918911843348861
0.20238364441288892,0.2618551720741603,0.4760083358093481,0.03175988377766972,0.34170365164416305,2.4905368568418074,0.076250647273351,0.07394830045655136,0.049414941922950734,0.054838845978689356,0.06968616617406462,0.0641066141833532,0.07551549044615431,0.04961295255178145,0.06428608311225971,0.05205077402136758,0.0734555043573796,0.049430104712522314,0.07191538932732734,0.08156589502737593,0.08228310123649553,0.07571930383905338,0.0778965102268449,-0.0747526876910668
-0.04276324245577833,-1.1418833120976386,-0.610146500887847,-0.012860288777357592,-0.030174443118869965,2.0436463199155814,-0.01564954238541389,-0.01857756168630733,-0.018565523082482886,-0.026582439045001398,-0.026381093906253723,-0.019496890640939412,-0.02103912906540441,-0.024123549450644773,-0.02009156631964938,-0.015776154275539828,-0.024383038585334398,-0.01735216474970399,-0.018417845903916985,-0.024809136059587945,-0.0222197303956131,-0.02547475758833218,-0.027401485534620938,0.05881858363171988
0.06030397780336678,-0.6442286211156237,1.1392229005227716,0.04544001513207312,0.04838513624987695,3.515752803320768,0.04961780437891406,0.04173641700023211,0.04377237214970447,0.03930765078049249,0.03931132232859387,0.04832676109107845,0.04391042170796854,0.03170986226491341,0.046395800962648955,0.034070500802809156,0.04893005946549343,0.04894671092809299,0.035099654246902506,0.045808513399343394,0.04172082353560036,0.05020012683310396,0.033432410756276704,-0.09524489041503093
0.15906066453942191,0.5232112342697257,0.15780854169535896,0.03594400529524653,0.44417418802017444,3.81850164535032,0.04790476851865713,0.07702150318650705,0.053898897523615784,0.06651214784007604,0.04432539561561557,0.0496332551917297,0.04909460543736741,0.056560019517240934,0.06871700919657887,0.0654637749819972,0.07785927969373496,0.07809802614726023,0.047031329670500825,0.08128479747530899,0.06905704967844377,0.05998124982806969,0.06075630688968201,0.03799922256400445
-0.06229199616495266,-0.09449762319033157,0.15284875676783605,-0.018965526226933163,-0.16227452311623322,3.9568172949177427,-0.024005592968298024,-0.03717858248039693,-0.037762391165316656,-0.03133237286723727,-0.03754813937716048,-0.03229882589014824,-0.025730118221336952,-0.02586634319149874,-0.038045986024115845,-0.03194868330682857,-0.030200691969427772,-0.022030984954221514,-0.025548125460887722,-0.028733778854719772,-0.024022154302134394,-0.030105553411172072,-0.022236738423096467,-0.03212989740916394
-0.041833830090518206,0.371466744750013,-0.12556012097235963,-0.014245483436697431,-0.14804764946732532,4.15724327348905,-0.02869035296705811,-0.017632231490739735,-0.025869705859985888,-0.023865150372444906,-0.02013159532982475,-0.018819927277458903,-0.020460134247567385,-0.01666249119054827,-0.01944014829421932,-0.021792118456225928,-0.021979835740635823,-0.024050110102238523,-0.022359496127824202,-0.021295208005399316,-0.017687983679055955,-0.016269424420649516,-0.02114790311638427,-0.019549411099596847
0.0548367229869912,-0.47793831496352934,0.48641875922579847,0.03014766162032496,0.09284487218980535,5.004176564961318,0.02344723325262317,0.02610042424696706,0.03350022623152933,0.02751394488945847,0.03434593162393452,0.026040881893124736,0.026290234390929822,0.034143853351225203,0.02961634168552648,0.03543466785548148,0.02278225064746613,0.03261522336758111,0.028904351370070108,0.033002854460021006,0.03506666342911313,0.03067330536128355,0.03711246252545313,-0.03416087666711909
0.07179030765368895,-0.5582191823044048,-0.2907450168955461,0.016812419311347145,0.05454130578249597,2.3978096739472847,0.03470362134612631,0.026956523437453903,0.023345721008007008,0.0298476583837801,0.0276447825632908,0.027715909903742408,0.0228552922755825,0.02859773286976563,0.023383603649457026,0.03340360831280221,0.02198918209197577,0.03281770717510363,0.02182065602187219,0.03238873030275782,0.030361789291060162,0.032074661957067596,0.02629389107788843,-0.030161630567192566
0.02913747528271612,-0.3550722328497155,0.19354512102378596,0.013639850141215878,0.06433447761416748,3.8726310093400356,0.013576990584230113,0.02237583816018539,0.021879471209113023,0.019579869408835028,0.012792210190421463,0.01959335022487141,0.016294897555819695,0.016471143620911143,0.02131958601926245,0.020493811917187337,0.019922075977466737,0.02036606456956689,0.0193920689630965,0.01677975767011706,0.014111749807526119,0.016794652031627784,0.016386302085502662,-0.08242571241101815
0.04937366365412328,-0.37590347499937576,1.846332041140235,0.023662821239066767,0.03574621944059887,2.266736637893468,0.01846787911565893,0.020776309422403185,0.024498479025029385,0.02280970590211408,0.0320538760238049,0.0256117014542733,0.03237059359955488,0.02424309229214647,0.02211217129143969,0.02996575543649262,0.022332745987464465,0.020227232850064083,0.018096150951074072,0.021396052888738894,0.03213684117047513,0.021436891988914495,0.021004542383237467,-0.04381372874167677
-0.0026012673226172966,-1.44799120500307,0.5432333897945172,0.01508783533578901,-0.10602389581814912,3.1201868730851126,0.0038974517306296762,0.004681475881745979,0.004259787988529289,0.0032130467876861253,0.0037341769810013904,0.0030408332228425666,0.003098638594182482,0.002925051266434705,0.0029181035907227433,0.004080363581005888,0.004048242439876349,0.0029158199689114997,0.003428704667939222,0.002878785146968618,0.004244218297689327,0.002684914302462122,0.0039065846274281574,-0.03726158920610356
-0.12869338021566318,1.0445314489977549,0.19725129983380377,-0.011942794548005174,-0.1340349808422003,3.107155653644756,-0.020497121466998197,-0.01937321025426427,-0.029212164239879813,-0.02447096371645758,-0.02454562361224138,-0.020011869503591993,-0.027557541919210338,-0.025393634993808978,-0.017768052839170205,-0.026013495819893193,-0.025693833946648075,-0.028148493330964634,-0.02647714753732755,-0.02177599664976929,-0.028000878950110334,-0.016883196387387722,-0.02726650869797584,-0.04996610988229433
-0.022930871539400745,0.25517514554856247,-0.441749742701677,-0.003402199597969322,-0.06060284171038949,1.924615470357088,-0.013631569175003173,-0.007821693420513517,-0.01159511512080793,-0.011670892446637158,-0.007717067302774474,-0.012901181681767094,-0.011653439415859881,-0.012013086399312714,-0.008804022125550993,-0.008002366487117446,-0.010606215659927434,-0.011849076303155825,-0.011587984015397937,-0.009381537338262897,-0.008047035097328261,-0.01328957253697912,-0.013367905735187442,-0.002945158925381386
-0.024189204772618652,-1.732133192308066,0.26979648860325556,-0.02278375141871256,0.02600940595650695,3.028222008187094,-0.01583652478244928,-0.019635422257527017,-0.0119753993638718,-0.02094805717737288,-0.019879880074375498,-0.013656302966821481,-0.017827957740239955,-0.01378912439948896,-0.0125408198810512,-0.015976960131078747,-0.02117709839101002,-0.016331823754285595,-0.01711959319594695,-0.01747876831809921,-0.012627671366472745,-0.018302841985271656,-0.017520035955346545,0.03481121436925472
-0.0841341201837872,-0.056763593221233186,-0.23313835856339726,-0.018152405705328757,-0.2210277067099435,3.157001441795665,-0.04026493017687568,-0.04603679915025294,-0.041483846460650994,-0.0476650928735694,-0.026815071953308612,-0.0330827746423985,-0.047088264708869475,-0.03378391519017838,-0.03439278647833152,-0.03905047432765283,-0.03505183787336753,-0.029413783185721076,-0.028778271791799818,-0.035301063071323094,-0.03645064116804608,-0.03294476215309623,-0.03957754334549685,-0.04405191014890375
-0.05880533607380176,10.09380535533066,0.09688652180006807,-0.006868178865043085,-0.14481110846313938,3.828115774423809,-0.019184027852658755,-0.01869562775006961,-0.01987692866215263,-0.014534457551051847,-0.01573318080877456,-0.012350305754945681,-0.013234255711278663,-0.017358320147856134,-0.011972096179455653,-0.013441859185604206,-0.019398708906714503,-0.014695166800983386,-0.01602980902310746,-0.015225308306253793,-0.0182105781658161,-0.01917368048021354,-0.012889648001546164,-0.03623494686515638
0.17580405933954413,-0.7357513092604304,1.0160273959148776,0.12431476074677143,0.10439607083457089,4.059399965319838,0.07138126733131964,0.08729594057537084,0.08050862318946653,0.07981043902120376,0.08297499207609801,0.10449802989143554,0.11391099089429166,0.06722407434997202,0.10669444027316646,0.06456289199312343,0.07916922331665664,0.06813119071766721,0.10942658540053528,0.08940919626355118,0.09838779153097052,0.09408992534624736,0.06431341614615453,0.003686024441265312
0.04234434673037854,0.4187495070097154,-0.08613637903287286,0.013736564428779909,0.1653676736500406,4.864665810927304,0.019637247067021878,0.02487709564109718,0.018843771219491216,0.022012299736886082,0.025171001772510585,0.021753694897507822,0.026445243717097822,0.01809685296527511,0.027240763904468,0.015798126742879882,0.01869046537603662,0.023580216577830666,0.01791211597596804,0.025200312285723968,0.023549836085971197,0.023250938427577555,0.017622341220025615,-0.03227931776792703
-0.17404373263005712,-0.9694013886070507,0.3347975275987168,-0.0825329127409402,-0.04004025154349968,2.0472417667032485,-0.0880661662150986,-0.06392598581594737,-0.08119161548553683,-0.07764577980016972,-0.05967316797990662,-0.10238131596494505,-0.09597100303054239,-0.1026582678695531,-0.05876757771311551,-0.06345410941847907,-0.0880650296767713,-0.06710905257152179,-0.10728977477644924,-0.0698669140945319,-0.077544059777976,-0.0648911852628999,-0.06681538740485922,-0.056600832340756746
0.030387110927917464,-0.5129086062339663,0.34117221994300345,0.02241500910586753,0.055855802418585634,4.719512052654935,0.02174326619085256,0.02107676800359325,0.025185951208419807,0.01971407573829287,0.02659609921335379,0.02725214710494851,0.025623039087168314,0.02450616333179393,0.019622031564680373,0.026670883771329732,0.020181359034703073,0.01621258950689124,0.02330837258585651,0.018787100918115886,0.027973664190454706,0.018608433728403335,0.021503245166212253,-0.003316511331913463
0.018794009996425186,0.7893948516886833,-0.44168786669567583,0.0018819402018006876,0.07276624745141301,3.143709306669011,0.008544217761733027,0.009534028742478495,0.0077555110814961385,0.005945983067889569,0.007683544786623116,0.006167623899631299,0.008893744806213808,0.007748477053986485,0.007753233134174402,0.007899296337510882,0.009153798280692245,0.005665638544946631,0.008279338632900918,0.009717825574147953,0.007202570156389832,0.00827682099026259,0.006200473985293244,0.01758463528242915
-0.10259559400184035,-0.3618096584695519,0.14817716346871457,-0.025986260775139686,-0.17596821716577496,2.675731228183522,-0.03612151476277323,-0.05278177617556452,-0.061153475491061475,-0.04604344630845003,-0.044244546462544165,-0.04662381545564379,-0.05034257079731503,-0.03390783751900241,-0.033758455014204485,-0.051410735013183224,-0.058084557707753934,-0.047526354674207114,-0.038502767110223476,-0.047727505303861155,-0.040481430903392304,-0.04336244797052952,-0.0535822385427393,-0.04018292276005697
0.009449882913464155,0.37650619784436834,-0.15799233907143473,0.00033676515913027557,0.026150295617919494,2.3188812879697993,0.002472049202743185,0.002743173461795138,0.0022881108354258386,0.0028275310135950473,0.0027193761082240334,0.00301340458396276,0.002025633160858338,0.0028918635890522603,0.002840552590138659,0.0027748301747825914,0.002236669230603265,0.001847323999216406,0.0026597421711151885,0.0025955184141245547,0.00198142343139875,0.0018314327538439255,0.0028028591375287098,-0.06610009100321357
0.046048318618784896,-0.492456697491275,-0.0021464334902791325,0.014640238630766958,0.03915762935706958,3.812756541473797,0.013814936556148624,0.019993450353150862,0.019363536676112073,0.02028243372913874,0.018492607458871626,0.01790971465372655,0.01223905318730536,0.020803238086869808,0.01489558702225132,0.014231016197984404,0.020925691086126037,0.01860717589609053,0.012769488262303806,0.021433049801387525,0.016682095481647664,0.021091527745049948,0.017039986012946356,-0.04505185240138754
-0.074831891270522,-1.1375514701763216,-0.5491075442940163,-0.024674411802662107,-0.012767550427089287,1.5233603263525743,-0.03640896549466038,-0.040999413866550885,-0.031581194528887135,-0.03642955104857566,-0.037185516744029534,-0.0295025518570228,-0.04676640781554534,-0.040784407790778694,-0.03903417340257917,-0.04236314067283838,-0.038079227930900385,-0.035487589097737235,-0.04426414229379206,-0.025571271957978522,-0.038332830863635696,-0.046126063477564476,-0.02781738664844087,-0.034616543167375835
-0.009813063438326572,0.3872381323552176,0.6808952934369761,-0.004479414086620138,-0.01928728004859445,3.3552280291143033,-0.006084132411190004,-0.0043853933876721405,-0.005342776538181848,-0.004494647835468145,-0.003964680355079415,-0.005097740891011914,-0.0052641988774350034,-0.004393262270710425,-0.0041611320075205845,-0.005826200171939314,-0.004474856251033425,-0.006515994541254368,-0.005746848853473053,-0.005646816119619148,-0.004433856985962781,-0.0069428998179632065,-0.007135957465119044,0.016579774337460718
0.08737175211149786,0.5379906072875713,0.6821943796005137,0.014097954777447593,0.19909005483563014,2.966265368636026,0.039006227000861246,0.02702519811526741,0.03720912732604233,0.03190610964956269,0.026985940380964135,0.02693073231827328,0.03200748264893385,0.03645232369270809,0.03665034905518884,0.029446991365031965,0.024053570947604616,0.02520732390940668,0.028612182951608944,0.03058106396447216,0.03400680923354424,0.031354450957952154,0.028099731350780928,-0.05334797493783883
0.06658990790570309,2.7266883854614905,0.6725418860594901,0.004731889092834702,0.22108325123823142,3.951593364438639,0.024726233494964774,0.025227088196684424,0.02049473581110982,0.017717168725182777,0.01641816367554096,0.017754780792589766,0.02500891762505396,0.01971309926466397,0.016460100345469884,0.021367820004125904,0.020593134406998403,0.01808389532239165,0.018239113560469394,0.016560823175731577,0.021445933008377632,0.028920683584047,0.017238927886627464,-0.055006872156513564
0.09665043355999424,-0.5716484345934221,1.288320755153669,0.062278682652531614,0.11385329002907701,3.1549083980468504,0.05814330901405324,0.04609711128627917,0.04497157876127096,0.0639596125449814,0.06340382252400481,0.04569234104061488,0.07317131662500544,0.07221582326270623,0.06415882071933691,0.07931168276592589,0.07972710740570174,0.061893155075189485,0.06526606902937662,0.06823630449226614,0.06412625020351545,0.07974709047430083,0.06721475077671511,0.031710529196328
0.017859149899770232,-0.7702198623954105,-0.2046267983632133,0.009687993085156105,-0.010376689903699209,1.9160592809257317,0.010266455460499936,0.013815063790126397,0.0161521182085501,0.0095654003898611,0.012007964061824646,0.011827797858424917,0.014807102679550812,0.012357923456701812,0.014214921811344209,0.01499891174942653,0.013028371188871594,0.012689245859951572,0.013155940413812552,0.01389054169108777,0.01405179151405509,0.01259106630592887,0.011401016171275154,-0.016988972245049472
-0.10525482112851346,-0.8243495262010859,0.42372513597263906,-0.039083793820362166,-0.07000043451040484,3.0768821418999255,-0.03839450165327161,-0.04287708203458946,-0.04099785187687523,-0.03708449381845434,-0.04274153818575162,-0.031575866558896444,-0.02934231304068252,-0.03139847476011519,-0.04426469281727121,-0.05045092961878613,-0.048766086719857375,-0.03189177386215178,-0.05060416842632412,-0.04025406121544301,-0.03646277240479066,-0.05030892604659856,-0.03753824486150023,0.02881713024532173
-0.04259510584697706,-0.3954278727827137,0.987371534324033,-0.01947989832017847,-0.0454909086642886,2.3696363666289,-0.02331259871798836,-0.0291756954200989,-0.02283194856103082,-0.0176123836102392,-0.027587004799002245,-0.017345420008695673,-0.02536113404951024,-0.021611970607262526,-0.01827928923065563,-0.026017959945529346,-0.026936709259322515,-0.025609200798937505,-0.028131206428566615,-0.019843446111589325,-0.01798455182176646,-0.026290810661423893,-0.02716497390776623,0.011071230089669815
0.037087668135100386,-6.081174194296574,0.8827800441713105,-0.017104764661357696,0.17905344306618942,2.47057714238137,0.012614427815539777,0.010505341494769591,0.011773673862514404,0.009654007803982428,0.012753273823689095,0.012478931598044191,0.012975451920760316,0.008694528177986105,0.008502230034527318,0.00839797124504528,0.008895052848852489,0.013130366162720656,0.01139660338249543,0.013032646468133744,0.01104569432282436,0.008315592439646285,0.008611687122736139,-0.039792084571032005
-0.012727556192096453,-1.6941117118605233,-0.13472431599221155,0.011673668489452295,-0.18991101969266536,2.684022817587855,0.0017684593547964082,0.0012103635231876006,0.0015399076533778372,0.0016399913752832868,0.0017030119170566007,0.0013385364963390358,0.0015365997544114181,0.0014930141552568462,0.0016273192217384912,0.0010919132534686971,0.0015679735080273214,0.0013989528476277117,0.0010415367874793099,0.0013218866299775527,0.0017923550866867854,0.0017403258363575614,0.0016401744922635766,0.09222857866851242
0.08652774641327311,-0.9819326354600384,0.939987102854698,0.04245127784601274,-0.029609502761377922,2.848062053794174,0.023791865897239195,0.02890289617133758,0.03726427045153612,0.0395387464739811,0.03576174711419622,0.03735173162972059,0.024345225888239373,0.026068156979611123,0.0372249925088949,0.03791853495847641,0.031111094196049887,0.03963180950362913,0.039420515021576716,0.034665976661360516,0.03894441274169845,0.022642449503702776,0.024709764334105214,-0.041766287671506364
0.05632914991610265,-0.3230598298926645,0.9116124735269326,0.023663698301399746,0.059477388744731165,3.9021267120095526,0.0239505615977807,0.026286903919640982,0.024158577270365682,0.01887951968509849,0.022651088759113622,0.021390535251591826,0.018687634103688604,0.02377045235024026,0.01799138553350525,0.016958692780447253,0.0178811274004492,0.015977355047736178,0.025848765512022802,0.020585918117991875,0.02009386458527708,0.023238228323968154,0.016515413366960604,-0.07576419579172655
0.07038157222579752,0.22292656423638535,0.21065360581866255,0.019023443657427995,0.256122145716614,3.6542312554507905,0.03932957705430392,0.026564814998596295,0.04686968859673246,0.038917006738013675,0.04247458592875295,0.0339006416019207,0.029079280348789576,0.04011297900682048,0.0387941776001604,0.031056816460371353,0.039613379447197665,0.048074272573362456,0.02971235565804358,0.04326997012311736,0.04003557394454452,0.04584746220472188,0.04491050887648798,-0.05153359202473384
-0.04892471641845885,-0.5071664488836111,-0.3995014082508008,-0.019688593854947496,-0.12495536766536924,4.267236314472546,-0.03027678158797214,-0.030989322516654608,-0.028006049480273507,-0.02337594885695884,-0.02254243848784867,-0.03391376608935293,-0.03256126985602424,-0.026971093752119986,-0.022114113636247008,-0.025039794221014284,-0.02455601561407309,-0.0297291424474005,-0.03144706828834649,-0.02690056468845958,-0.026297201539664618,-0.03408980928987579,-0.030455346512743328,-0.047325382051091935
-0.012235549250031445,-1.464389154714532,0.1794095168573917,0.0006329444862739272,-0.08200257067426317,3.58141637011007,-0.005144105381470421,-0.006469028409939612,-0.004028566932686513,-0.004070488200938027,-0.006863644839724626,-0.00671735798366217,-0.005305365351516647,-0.00627025449803061,-0.004765529737367485,-0.005363039311068712,-0.006240578998315066,-0.006545973505479091,-0.006284270318597709,-0.004442644524005824,-0.005946805922261104,-0.006038204152635851,-0.004549476571514375,-0.03902259580079004
-0.06375849032925135,-1.004266758980503,-0.9569463573795156,-0.01028226941870642,-0.03958974287090975,0.8162660723598931,-0.03922104910657573,-0.03325562579886901,-0.036606887280386614,-0.032900116688931905,-0.05058509361323348,-0.03692154692492652,-0.03861108714664011,-0.04640507658141797,-0.029048660533991123,-0.04154378924086746,-0.041067819480799274,-0.03273366420791737,-0.04248283217986093,-0.028811806742728,-0.04567993850955304,-0.0409323224361351,-0.0329663715468916,0.07599723217465404
0.13602950418915355,-0.8917862399774275,1.6855331324977585,0.10872297490064418,0.017863388566438074,2.639385341402743,0.09824868001871602,0.0811508383291799,0.0700348535192256,0.10408085089185842,0.10031215664278866,0.07814136241039064,0.07546241584317062,0.07954173708484549,0.08568737441175057,0.10275383037334956,0.06254707653758655,0.09052356001339038,0.09566141579436543,0.08000455722686485,0.10429772155759057,0.08410150955412529,0.09584263273924418,-0.03613287541629784
-0.057069364446223805,-0.5133108281906905,-0.6112412337308926,-0.01907638397758503,-0.10931720268254849,2.07767373579055,-0.02451032656407149,-0.035134002033543,-0.030088856872058003,-0.025307479342877297,-0.026866602338897334,-0.03778192474391012,-0.03533664482795306,-0.03413046551928551,-0.024846748452838435,-0.030111701065113034,-0.03289598315172727,-0.042827765426617724,-0.036305560061063995,-0.03255109658505778,-0.027220610847904808,-0.029343664500506527,-0.0288263172199721,0.005069713214844729
0.056074767311208654,1.3168136341145487,-0.9744973995450856,0.002042117133927947,0.10519393148418338,1.445333611188038,0.017191470398327736,0.015716177233353498,0.01088499847619462,0.010166867530240497,0.01399382546182812,0.016277203211667667,0.01744753920434841,0.014798895945353222,0.010640362805990048,0.01689371230342303,0.013414725610290385,0.011913967752258666,0.01534960946591065,0.012680487506848496,0.012197098926343209,0.011728991763993014,0.01770173544832265,-0.012693101320750078
-0.06660989294489665,-1.3111892108814995,-0.3023544597032335,-0.032947481665114235,0.017609546521692304,2.429032349160421,-0.032667015020082645,-0.02928259000598369,-0.026231467767008878,-0.02381837157073408,-0.02336577342917923,-0.022710437878735633,-0.02851496131010637,-0.036150590998019184,-0.03810864578103282,-0.03285914738197557,-0.03329729122270071,-0.04169286258462815,-0.03742402995899454,-0.02870467019027519,-0.029459531481173484,-0.03389807016991676,-0.031853821404778375,-0.08634598275253702
0.02925938656162992,0.025438199461232772,0.30571463448660685,0.010901906183316521,0.07660228517398607,5.222227954811045,0.014305180268390822,0.01252317398682263,0.011147978228030566,0.012957468341617033,0.009406897321695185,0.009983438066328322,0.013752496962435662,0.01579724933880059,0.00930698135186635,0.012725606318446728,0.014888170862392454,0.009474182045514147,0.010310664052519038,0.009612607836482488,0.010044023762148493,0.013804183858793907,0.01010015797987142,-0.005683443973298896
0.007130031699042,-0.8691858377635605,0.36980167394062624,0.00795163961567617,-0.03525227696806497,3.288839970058894,0.006837619935255529,0.007181467185760157,0.004918253792437356,0.006804835952208559,0.0047793241178758225,0.005212242688213007,0.0071103950268165215,0.004578544591444363,0.005376454514400661,0.00473879450308238,0.005353837963160227,0.006281384937141709,0.004351211806217839,0.0071514352456824165,0.006832893741997254,0.005915125959144768,0.006966389695968107,-0.05205754162993692
0.025229814788619555,-0.8454252894585451,0.31631188056985726,0.012317619223350536,-0.03191348155250266,3.6932969457326106,0.013421965359751304,0.008253885943929885,0.013092144362694794,0.009416010560345132,0.008345515639883998,0.01016027704088641,0.014234614566130366,0.009797481017827826,0.01446646175423514,0.010359615668240646,0.010944881100158428,0.013815356836701308,0.009647874434097741,0.013686152883106664,0.008442334279731106,0.008986956629280243,0.013987473596564038,-0.05750142314789375
-0.037117725584823485,-1.2873707606033808,-0.11507181336251726,-0.018757062201428466,-0.019688704147000025,3.723705892635149,-0.027621089352570825,-0.01903190027489989,-0.01511892914818843,-0.02578998821117115,-0.024898747564739084,-0.0254910644426233,-0.01987141568498599,-0.01767215239471473,-0.023883404621859873,-0.02252161001176056,-0.026330139442187272,-0.015635620587889705,-0.02332784343034174,-0.02207390608671128,-0.019439757190381466,-0.021824024836990006,-0.027107129121897115,-0.08282939025676628
-0.04940338500799028,-0.4852970877093493,0.004260402150109142,-0.009706157148133318,-0.07231754553378514,4.089606097798165,-0.012250700681034716,-0.009625816900066557,-0.012527630865035088,-0.016411962093278342,-0.01510627878577381,-0.015635171963740115,-0.014085723557135435,-0.01608386523847265,-0.017093231191131354,-0.010656653279670091,-0.015633664892175665,-0.013425189833642402,-0.016546276968538286,-0.012046268430179094,-0.010043450430983269,-0.011371153453922577,-0.011541037100724455,-0.05866072733236061
-0.08196949915090437,-0.6399236788257955,-0.39963050580763104,-0.023477529416005748,-0.14211381060464248,2.483874541835531,-0.02960348111426503,-0.042633876283437476,-0.030029123433017196,-0.041025190764953264,-0.0300747582453202,-0.04593615183023265,-0.03534579701165243,-0.03956462820686117,-0.03206866899675876,-0.035376792690875396,-0.04745763669498569,-0.03895576889081362,-0.04179284321607684,-0.030541931083281664,-0.032073452044715955,-0.04608658437074384,-0.03556882322702542,-0.05788211061735582
-0.03269634236846913,-1.1318829645020743,-0.6316614677378385,-0.011712555921075974,-0.03524442552448502,1.9116799491116172,-0.02636999427280527,-0.01788762039520619,-0.02404477741941664,-0.022471021601346054,-0.0191801005666129,-0.018494036151252755,-0.027935396518234182,-0.01954244153401533,-0.018811729803403142,-0.024719893839275836,-0.018343143419776806,-0.026243368031273737,-0.028131988062517738,-0.021411229933969215,-0.027417825105499852,-0.016822391704753796,-0.02774284508590096,-0.06029574254642256
0.08836496215741717,-0.24589492970813231,1.1083443393294656,0.021443948235229576,0.1282417373041965,2.3402207639212356,0.03630245561027124,0.04745543247721401,0.027262578700522948,0.04740385892957808,0.029200172679166126,0.0414171772227035,0.03153422958601595,0.04662682360578204,0.04641978029836252,0.03179665132429102,0.042452273651652314,0.04583499678797269,0.03546907373021355,0.03787479160772599,0.04269212341632248,0.031117991288134077,0.027085575076502628,-0.02295985077874252
0.0527799378693835,-0.9515355212518999,-0.026275876726381885,0.03443552792248656,-0.030345990735408127,2.979190398595052,0.033137651550754675,0.026142719176715914,0.023047046929257357,0.02452456709087379,0.026403678469405494,0.022923964575119807,0.028105678531046265,0.035861209182535554,0.02836078444104932,0.025069904173211425,0.03242842272860973,0.022806288960743996,0.02848462369669807,0.028878598609705444,0.02336572062217422,0.035105499398300745,0.024235917058944314,0.05434387691195752
0.03462983072616254,-17.283109181821164,0.1918645811164832,-0.006634547954811612,0.22517460270307763,2.74941655652311,0.011356988253982197,0.006934561877244681,0.007749356752667066,0.010756431764928867,0.00997354155590993,0.007917590109835032,0.006241461169562998,0.010971566689830441,0.006395375766804385,0.011318923344145398,0.007944548564838495,0.006211948167790507,0.007781909458826162,0.008883593615738296,0.006429672397542122,0.008832685004365329,0.009375184772848938,0.021889799246288977
-0.016152470964035673,-3.3363925261771183,-0.2813011526879128,-0.0074135335198109095,-0.003960954429998144,3.289182750413643,-0.010518735052327735,-0.009603985770920703,-0.0076462041231124675,-0.008443951954775366,-0.00918129722529865,-0.009573709761417937,-0.008062899607495911,-0.01009799394857706,-0.009552331888853944,-0.007289220383585921,-0.009360933710694378,-0.0069905640121857866,-0.00800456517702762,-0.009517428828050607,-0.006863742484222266,-0.007389221820976044,-0.009388288440443999,-0.029470582801280565
-0.19629182169539633,-1.004545649041725,1.030058020381682,-0.08713527667297079,-0.02569317822323899,1.9973319075956435,-0.06435466469392706,-0.07152948414759754,-0.08327699814977739,-0.06171785656792984,-0.0859669621927231,-0.08953691202122817,-0.05947972962855316,-0.056416542423911344,-0.09211240875500891,-0.06893672855130513,-0.0777226715620917,-0.07015386236394686,-0.059020137618007916,-0.06709997343444758,-0.06688856503391746,-0.08180527138866334,-0.07480871876494281,-0.03145194187985523
