Symbol,Entry,Exit,Return,Profit,Reason,Date
GMRAIRPORT.NS,78.58999633789062,79.37589630126953,1.0,500.0,TARGET_HIT_1%,2025-01-03
SHREECEM.NS,25925.3046875,25569.703125,-1.37,-693.0,TIME_EXIT,2025-01-10
PIDILITIND.NS,1440.787353515625,1397.0872802734375,-3.03,-1511.0,TIME_EXIT,2025-01-17
J&KBANK.NS,92.63134002685547,93.55765342712402,1.0,483.0,TARGET_HIT_1%,2025-01-20
BRIGADE.NS,1134.0821533203125,1077.3780456542968,-5.0,-2439.0,STOP_LOSS,2025-01-22
ECLERX.NS,3154.4609375,3186.005546875,1.0,463.0,TARGET_HIT_1%,2025-01-23
RHIM.NS,475.45654296875,480.2111083984375,1.0,468.0,TARGET_HIT_1%,2025-01-24
BPCL.NS,249.65635681152344,252.1529203796387,1.0,473.0,TARGET_HIT_1%,2025-01-31
WOCKPHARMA.NS,1416.9000244140625,1558.449951171875,9.99,4770.0,GAP_UP_TARGET,2025-02-03
PFC.NS,369.2314453125,379.5837248726243,2.8,1472.0,GAP_UP_TARGET,2025-02-04
OFSS.NS,8800.658203125,8888.66478515625,1.0,540.0,TARGET_HIT_1%,2025-02-05
SCHNEIDER.NS,653.75,660.2875,1.0,545.0,TARGET_HIT_1%,2025-02-06
JWL.NS,351.5311584472656,333.95460052490233,-5.0,-2754.0,STOP_LOSS,2025-02-10
RECLTD.NS,402.96514892578125,382.81689147949214,-5.0,-2616.0,STOP_LOSS,2025-02-12
UNOMINDA.NS,989.0752563476562,939.6214935302734,-5.0,-2485.0,STOP_LOSS,2025-02-13
AUROPHARMA.NS,1175.5372314453125,1187.2926037597656,1.0,472.0,TARGET_HIT_1%,2025-02-14
CIPLA.NS,1444.0244140625,1458.464658203125,1.0,477.0,TARGET_HIT_1%,2025-02-17
JUBLFOOD.NS,680.4636840820312,687.2683209228516,1.0,482.0,TARGET_HIT_1%,2025-02-18
POWERGRID.NS,261.4033203125,250.43601989746094,-4.2,-2041.0,TIME_EXIT,2025-02-25
LAURUSLABS.NS,548.9469604492188,521.4996124267578,-5.0,-2330.0,STOP_LOSS,2025-02-28
FSL.NS,346.0,349.46,1.0,443.0,TARGET_HIT_1%,2025-03-03
ATUL.NS,5497.57568359375,5552.551440429687,1.0,447.0,TARGET_HIT_1%,2025-03-05
DEEPAKFERT.NS,1039.95263671875,1050.3521630859375,1.0,452.0,TARGET_HIT_1%,2025-03-06
BHARTIARTL.NS,1613.412109375,1629.54623046875,1.0,456.0,TARGET_HIT_1%,2025-03-10
TRENT.NS,4795.5458984375,4843.501357421875,1.0,461.0,TARGET_HIT_1%,2025-03-11
PERSISTENT.NS,5225.8603515625,5153.40576171875,-1.39,-645.0,TIME_EXIT,2025-03-18
SHREECEM.NS,27602.33203125,27878.3553515625,1.0,459.0,TARGET_HIT_1%,2025-03-19
GSPL.NS,272.5758056640625,275.30156372070314,1.0,463.0,TARGET_HIT_1%,2025-03-20
ASTRAL.NS,1270.8643798828125,1283.5730236816407,1.0,468.0,TARGET_HIT_1%,2025-03-21
GODIGIT.NS,297.25,300.2225,1.0,473.0,TARGET_HIT_1%,2025-03-24
METROPOLIS.NS,1610.314208984375,1632.2686689001655,1.36,651.0,GAP_UP_TARGET,2025-03-25
ZFCVINDIA.NS,11980.119140625,12099.92033203125,1.0,484.0,TARGET_HIT_1%,2025-03-26
SOBHA.NS,1201.4776611328125,1213.4924377441407,1.0,489.0,TARGET_HIT_1%,2025-03-27
VBL.NS,534.7744750976562,540.1222198486328,1.0,494.0,TARGET_HIT_1%,2025-03-28
ENGINERSIN.NS,158.17507934570312,159.75683013916014,1.0,499.0,TARGET_HIT_1%,2025-04-01
BIKAJI.NS,691.0794677734375,697.9902624511719,1.0,504.0,TARGET_HIT_1%,2025-04-02
MOTHERSON.NS,87.9412612915039,83.54419822692871,-5.0,-2544.0,STOP_LOSS,2025-04-04
INDHOTEL.NS,797.00634765625,757.1560302734374,-5.0,-2416.0,STOP_LOSS,2025-04-07
GPIL.NS,179.3179168701172,183.99490016933822,2.61,1198.0,GAP_UP_TARGET,2025-04-08
FEDERALBNK.NS,189.383544921875,191.27738037109376,1.0,471.0,TARGET_HIT_1%,2025-04-11
JMFINANCIL.NS,92.65275573730469,93.57928329467774,1.0,476.0,TARGET_HIT_1%,2025-04-15
LEMONTREE.NS,142.25999450683594,143.6825944519043,1.0,481.0,TARGET_HIT_1%,2025-04-16
ICICIGI.NS,1799.198974609375,1817.1909643554689,1.0,485.0,TARGET_HIT_1%,2025-04-21
RKFORGE.NS,719.250244140625,726.4427465820313,1.0,490.0,TARGET_HIT_1%,2025-04-22
MAXHEALTH.NS,1127.39892578125,1143.080963596829,1.39,689.0,GAP_UP_TARGET,2025-04-23
360ONE.NS,1047.95751953125,995.5596435546875,-5.0,-2510.0,STOP_LOSS,2025-04-25
JSWINFRA.NS,302.7743835449219,289.20916748046875,-4.48,-2137.0,TIME_EXIT,2025-05-02
HYUNDAI.NS,1694.1910400390625,1711.1329504394532,1.0,456.0,TARGET_HIT_1%,2025-05-05
ANANDRATHI.NS,1734.9764404296875,1648.227618408203,-5.0,-2301.0,STOP_LOSS,2025-05-09
PFIZER.NS,4130.05126953125,4171.351782226562,1.0,437.0,TARGET_HIT_1%,2025-05-12
FORTIS.NS,675.8507080078125,682.6092150878907,1.0,441.0,TARGET_HIT_1%,2025-05-14
BIOCON.NS,337.7484130859375,341.1258972167969,1.0,446.0,TARGET_HIT_1%,2025-05-15
TORNTPHARM.NS,3258.80859375,3291.3966796875,1.0,450.0,TARGET_HIT_1%,2025-05-19
RITES.NS,288.2027282714844,273.79259185791017,-5.0,-2274.0,STOP_LOSS,2025-05-20
BLUESTARCO.NS,1602.502197265625,1622.2075734759992,1.23,531.0,GAP_UP_TARGET,2025-05-21
AWL.NS,260.25,262.8525,1.0,437.0,TARGET_HIT_1%,2025-05-22
COALINDIA.NS,377.5771179199219,381.3528890991211,1.0,442.0,TARGET_HIT_1%,2025-05-23
NAUKRI.NS,1482.7105712890625,1408.5750427246094,-5.0,-2231.0,STOP_LOSS,2025-05-28
HEG.NS,488.9578857421875,493.8474645996094,1.0,424.0,TARGET_HIT_1%,2025-05-29
JSWENERGY.NS,498.9283447265625,503.9176281738281,1.0,428.0,TARGET_HIT_1%,2025-06-03
MSUMI.NS,38.77212142944336,39.1598426437378,1.0,432.0,TARGET_HIT_1%,2025-06-05
VOLTAS.NS,1240.574951171875,1252.9807006835938,1.0,437.0,TARGET_HIT_1%,2025-06-06
JINDALSTEL.NS,960.8438720703125,970.4523107910156,1.0,441.0,TARGET_HIT_1%,2025-06-09
CRAFTSMAN.NS,5547.82373046875,5603.301967773437,1.0,446.0,TARGET_HIT_1%,2025-06-10
SBILIFE.NS,1785.5,1803.355,1.0,450.0,TARGET_HIT_1%,2025-06-12
TORNTPOWER.NS,1398.9000244140625,1412.8890246582032,1.0,454.0,TARGET_HIT_1%,2025-06-13
TTML.NS,71.5999984741211,72.4000015258789,1.12,513.0,GAP_UP_TARGET,2025-06-16
PAGEIND.NS,45329.91796875,45783.2171484375,1.0,464.0,TARGET_HIT_1%,2025-06-17
SRF.NS,3092.347900390625,3123.2713793945313,1.0,469.0,TARGET_HIT_1%,2025-06-18
SUNDRMFAST.NS,986.5130615234375,982.7279052734375,-0.38,-182.0,TIME_EXIT,2025-06-25
ICICIPRULI.NS,634.6500244140625,640.9965246582032,1.0,472.0,TARGET_HIT_1%,2025-06-26
GVT&D.NS,2342.20849609375,2365.6305810546874,1.0,476.0,TARGET_HIT_1%,2025-06-27
ASAHIINDIA.NS,731.7611083984375,739.2433448245421,1.02,492.0,GAP_UP_TARGET,2025-06-30
NAUKRI.NS,1482.0135498046875,1407.9128723144531,-5.0,-2430.0,STOP_LOSS,2025-07-07
TECHNOE.NS,1568.79541015625,1584.4833642578126,1.0,462.0,TARGET_HIT_1%,2025-07-08
VEDL.NS,440.0867919921875,444.61980442992683,1.03,480.0,GAP_UP_TARGET,2025-07-09
BHEL.NS,261.50048828125,253.81666564941406,-2.94,-1385.0,TIME_EXIT,2025-07-16
DEEPAKNTR.NS,1951.32470703125,1919.0582275390625,-1.65,-756.0,TIME_EXIT,2025-07-23
SRF.NS,3188.821533203125,3220.7097485351565,1.0,450.0,TARGET_HIT_1%,2025-07-24
FINPIPE.NS,208.65725708007812,210.74382965087892,1.0,454.0,TARGET_HIT_1%,2025-07-30
RRKABEL.NS,1411.351318359375,1425.4648315429688,1.0,459.0,TARGET_HIT_1%,2025-07-31
TATACOMM.NS,1724.699951171875,1638.464953613281,-5.0,-2317.0,STOP_LOSS,2025-08-04
HAVELLS.NS,1508.5999755859375,1474.199951171875,-2.28,-1004.0,TIME_EXIT,2025-08-11
JINDALSAW.NS,203.33999633789062,201.41000366210938,-0.95,-408.0,TIME_EXIT,2025-08-18
BBTC.NS,1856.0,1876.9000244140625,1.13,480.0,GAP_UP_TARGET,2025-08-20
COROMANDEL.NS,2419.199951171875,2443.3919506835937,1.0,431.0,TARGET_HIT_1%,2025-08-21
BSE.NS,2332.199951171875,2215.589953613281,-5.0,-2176.0,STOP_LOSS,2025-08-26
JPPOWER.NS,18.049999237060547,18.950000762939453,4.99,2062.0,GAP_UP_TARGET,2025-08-28
AADHARHFC.NS,497.0,501.97,1.0,434.0,TARGET_HIT_1%,2025-08-29
JUBLFOOD.NS,627.75,635.0,1.15,506.0,GAP_UP_TARGET,2025-09-02
ELGIEQUIP.NS,494.70001220703125,469.9650115966797,-5.0,-2217.0,STOP_LOSS,2025-09-09
BALKRISIND.NS,2295.8701171875,2318.828818359375,1.0,421.0,TARGET_HIT_1%,2025-09-10
ANANTRAJ.NS,532.8499755859375,538.1784753417969,1.0,426.0,TARGET_HIT_1%,2025-09-12
TEJASNET.NS,592.75,598.6775,1.0,430.0,TARGET_HIT_1%,2025-09-15
NH.NS,1772.800048828125,1790.5280493164062,1.0,434.0,TARGET_HIT_1%,2025-09-16
IDFCFIRSTB.NS,71.55000305175781,72.26550308227539,1.0,438.0,TARGET_HIT_1%,2025-09-18
APOLLOHOSP.NS,7850.5,7624.0,-2.89,-1278.0,TIME_EXIT,2025-09-25
LINDEINDIA.NS,6378.0,6226.0,-2.38,-1025.0,TIME_EXIT,2025-10-03
PHOENIXLTD.NS,1562.5,1578.125,1.0,420.0,TARGET_HIT_1%,2025-10-06
CUMMINSIND.NS,3943.0,3982.43,1.0,424.0,TARGET_HIT_1%,2025-10-10
HOMEFIRST.NS,1222.5999755859375,1234.825975341797,1.0,428.0,TARGET_HIT_1%,2025-10-15
PPLPHARMA.NS,193.5,195.435,1.0,433.0,TARGET_HIT_1%,2025-10-20
DATAPATTNS.NS,2782.0,2809.82,1.0,437.0,TARGET_HIT_1%,2025-10-21
HUDCO.NS,227.2644805908203,229.53712539672853,1.0,441.0,TARGET_HIT_1%,2025-10-23
SWANCORP.NS,429.6499938964844,433.94649383544925,1.0,446.0,TARGET_HIT_1%,2025-10-24
ICICIGI.NS,1993.9000244140625,2013.8390246582032,1.0,450.0,TARGET_HIT_1%,2025-10-27
GRANULES.NS,565.5999755859375,571.2559753417969,1.0,455.0,TARGET_HIT_1%,2025-10-28
BLUESTARCO.NS,1951.5999755859375,1971.115975341797,1.0,459.0,TARGET_HIT_1%,2025-10-29
RBLBANK.NS,323.6000061035156,326.8360061645508,1.0,464.0,TARGET_HIT_1%,2025-10-30
TRENT.NS,4744.5,4679.2001953125,-1.38,-645.0,TIME_EXIT,2025-11-06
MANAPPURAM.NS,273.5,276.235,1.0,462.0,TARGET_HIT_1%,2025-11-10
NMDC.NS,75.08000183105469,75.83080184936523,1.0,467.0,TARGET_HIT_1%,2025-11-11
HBLENGINE.NS,994.2000122070312,1014.0,1.99,938.0,GAP_UP_TARGET,2025-11-12
PRAJIND.NS,335.3999938964844,338.7539938354492,1.0,481.0,TARGET_HIT_1%,2025-11-13
BALKRISIND.NS,2338.300048828125,2361.683049316406,1.0,485.0,TARGET_HIT_1%,2025-11-17
RECLTD.NS,361.3999938964844,355.8500061035156,-1.54,-753.0,TIME_EXIT,2025-11-24
SRF.NS,2807.5,2835.575,1.0,483.0,TARGET_HIT_1%,2025-11-27
LINDEINDIA.NS,,5955.5,-1.11,-542.0,FORCE_CLOSE,
